{
  "results": [
    {
      "command": "curl",
      "mean": 0.006995263569999998,
      "stddev": 0.00039959494051546837,
      "median": 0.006995897000000001,
      "user": 0.003173810000000001,
      "system": 0.0034917100000000003,
      "min": 0.006228631,
      "max": 0.007828365,
      "times": [
        0.0070619490000000005,
        0.006956647000000001,
        0.007030049,
        0.0068932460000000004,
        0.006841044,
        0.006556838000000001,
        0.006544338,
        0.006934246000000001,
        0.006536138,
        0.006494337,
        0.006821644000000001,
        0.006543138,
        0.006712442000000001,
        0.006969047000000001,
        0.006499237000000001,
        0.006608139000000001,
        0.006891845000000001,
        0.007037148,
        0.006783043000000001,
        0.006887645,
        0.006951747,
        0.0069246460000000004,
        0.006743043000000001,
        0.006774943,
        0.007044149,
        0.006679341,
        0.0066969410000000005,
        0.006596239,
        0.006813944000000001,
        0.0064141350000000005,
        0.006448336000000001,
        0.006754443000000001,
        0.0069527470000000004,
        0.007690162,
        0.007266053000000001,
        0.007227052,
        0.007256753,
        0.007464058000000001,
        0.007096449,
        0.007482458000000001,
        0.007803265,
        0.0075035580000000004,
        0.007672862000000001,
        0.007238653,
        0.007152451000000001,
        0.007165152,
        0.007316555000000001,
        0.007189851000000001,
        0.006989447,
        0.006902646,
        0.006605939000000001,
        0.006709442,
        0.006235432000000001,
        0.006249732,
        0.006228631,
        0.006432435,
        0.006307633,
        0.006348734,
        0.006411235,
        0.0062648320000000006,
        0.006441935,
        0.006485537,
        0.006565639000000001,
        0.006567138,
        0.006810444000000001,
        0.006770443,
        0.0072764530000000004,
        0.006867445000000001,
        0.006997447,
        0.006842744,
        0.007503358000000001,
        0.007282854,
        0.007605560000000001,
        0.007472058,
        0.007828365,
        0.0074732570000000005,
        0.007485958000000001,
        0.007325554000000001,
        0.007631461000000001,
        0.007221552000000001,
        0.007377156,
        0.007454958,
        0.0071511510000000006,
        0.007247253,
        0.0073545550000000005,
        0.006994347000000001,
        0.00709245,
        0.007332955,
        0.007270353,
        0.007202852,
        0.0070400490000000005,
        0.007137251000000001,
        0.007165251,
        0.007079249,
        0.007539659000000001,
        0.007658761000000001,
        0.007692162000000001,
        0.007353956,
        0.007273454,
        0.007045049
      ],
      "exit_codes": [
        0,
        0,
        0,
        0,
        0,
        0,
        0,
        0,
        0,
        0,
        0,
        0,
        0,
        0,
        0,
        0,
        0,
        0,
        0,
        0,
        0,
        0,
        0,
        0,
        0,
        0,
        0,
        0,
        0,
        0,
        0,
        0,
        0,
        0,
        0,
        0,
        0,
        0,
        0,
        0,
        0,
        0,
        0,
        0,
        0,
        0,
        0,
        0,
        0,
        0,
        0,
        0,
        0,
        0,
        0,
        0,
        0,
        0,
        0,
        0,
        0,
        0,
        0,
        0,
        0,
        0,
        0,
        0,
        0,
        0,
        0,
        0,
        0,
        0,
        0,
        0,
        0,
        0,
        0,
        0,
        0,
        0,
        0,
        0,
        0,
        0,
        0,
        0,
        0,
        0,
        0,
        0,
        0,
        0,
        0,
        0,
        0,
        0,
        0,
        0
      ]
    }
  ]
}
