{
  "results": [
    {
      "command": "curl",
      "mean": 0.006309783540000003,
      "stddev": 0.00010979705698604295,
      "median": 0.006292561,
      "user": 0.0030286299999999987,
      "system": 0.0030273099999999996,
      "min": 0.006067458,
      "max": 0.006550963000000001,
      "times": [
        0.006409462,
        0.006418062,
        0.00624096,
        0.006465162,
        0.0061558590000000005,
        0.0062876600000000005,
        0.00617246,
        0.006522562,
        0.006182959,
        0.0062616600000000005,
        0.00625936,
        0.006550963000000001,
        0.00622976,
        0.0062581600000000005,
        0.00623816,
        0.006473063,
        0.006183859000000001,
        0.006303561,
        0.006218859,
        0.006424061,
        0.006294361,
        0.00622096,
        0.006394461000000001,
        0.006174859,
        0.006247259000000001,
        0.0061980590000000006,
        0.006415062,
        0.006382161000000001,
        0.006302361,
        0.006487662000000001,
        0.0064526620000000005,
        0.006523562,
        0.006450062,
        0.0062822600000000004,
        0.006377861,
        0.006436962,
        0.0061913590000000004,
        0.0062318600000000005,
        0.006134759,
        0.006470462000000001,
        0.006189760000000001,
        0.006202759,
        0.006225059000000001,
        0.006387762000000001,
        0.0062895600000000005,
        0.006290761000000001,
        0.006478162,
        0.006338561,
        0.00627196,
        0.006298361000000001,
        0.0063149600000000005,
        0.00630886,
        0.0062207600000000005,
        0.006433862,
        0.006282360000000001,
        0.006238260000000001,
        0.006421462,
        0.006233860000000001,
        0.006277260000000001,
        0.00621456,
        0.0064412620000000005,
        0.00627526,
        0.006248760000000001,
        0.0063857620000000006,
        0.006346261000000001,
        0.006353861000000001,
        0.006503062,
        0.0063000600000000006,
        0.0062654600000000005,
        0.00633826,
        0.006414762,
        0.006353261000000001,
        0.006398062,
        0.0063209600000000005,
        0.006205560000000001,
        0.006418462000000001,
        0.006218759000000001,
        0.00634336,
        0.006449361000000001,
        0.006205859,
        0.006254160000000001,
        0.00620136,
        0.006442862000000001,
        0.00627166,
        0.00626576,
        0.0064715630000000005,
        0.006204959,
        0.006311761000000001,
        0.006182659,
        0.006442662,
        0.006310861,
        0.006524963000000001,
        0.006154359000000001,
        0.0061577590000000005,
        0.006316061,
        0.006142459,
        0.0061894590000000005,
        0.006300661000000001,
        0.006067458,
        0.0061339590000000005
      ],
      "exit_codes": [
        0,
        0,
        0,
        0,
        0,
        0,
        0,
        0,
        0,
        0,
        0,
        0,
        0,
        0,
        0,
        0,
        0,
        0,
        0,
        0,
        0,
        0,
        0,
        0,
        0,
        0,
        0,
        0,
        0,
        0,
        0,
        0,
        0,
        0,
        0,
        0,
        0,
        0,
        0,
        0,
        0,
        0,
        0,
        0,
        0,
        0,
        0,
        0,
        0,
        0,
        0,
        0,
        0,
        0,
        0,
        0,
        0,
        0,
        0,
        0,
        0,
        0,
        0,
        0,
        0,
        0,
        0,
        0,
        0,
        0,
        0,
        0,
        0,
        0,
        0,
        0,
        0,
        0,
        0,
        0,
        0,
        0,
        0,
        0,
        0,
        0,
        0,
        0,
        0,
        0,
        0,
        0,
        0,
        0,
        0,
        0,
        0,
        0,
        0,
        0
      ]
    }
  ]
}
