{
  "results": [
    {
      "command": "curl",
      "mean": 0.008062643990000003,
      "stddev": 0.0003931456751156386,
      "median": 0.008013537000000001,
      "user": 0.0036067199999999995,
      "system": 0.004088370000000002,
      "min": 0.007698219,
      "max": 0.011520727000000001,
      "times": [
        0.007988835,
        0.007802725000000001,
        0.007814525000000001,
        0.007953333,
        0.007792524,
        0.008015537,
        0.008292551,
        0.008290952,
        0.008106741,
        0.008167144000000001,
        0.008055139000000001,
        0.008034638,
        0.00846066,
        0.008119043000000001,
        0.008381357,
        0.008236149,
        0.008235448000000001,
        0.008102541000000001,
        0.008107741,
        0.008062439000000001,
        0.008128243,
        0.007968833,
        0.008193046,
        0.011520727000000001,
        0.007737822,
        0.00770642,
        0.007698219,
        0.007750522,
        0.007820326,
        0.0077913240000000005,
        0.007744921,
        0.007784124000000001,
        0.007808525,
        0.007892930000000001,
        0.008035038000000001,
        0.008092440000000001,
        0.007880629,
        0.008033337,
        0.008283751,
        0.007981434,
        0.007996835,
        0.007929032,
        0.008060039,
        0.008105541,
        0.007959133,
        0.008026537,
        0.00789633,
        0.007948133000000001,
        0.008062639,
        0.008171245,
        0.007957234,
        0.007825927,
        0.007961534000000001,
        0.007907831,
        0.007894929,
        0.008237248,
        0.00789683,
        0.007873729000000001,
        0.007999135000000001,
        0.007948033,
        0.00844956,
        0.008442759000000001,
        0.008211447,
        0.008120142,
        0.007931532,
        0.008246950000000001,
        0.008072840000000001,
        0.007987835,
        0.008170245000000001,
        0.007826026,
        0.008121243,
        0.007878729000000001,
        0.007889629,
        0.007994735000000001,
        0.007949233,
        0.008011537,
        0.008019136000000001,
        0.008103241,
        0.007911931,
        0.007980634,
        0.007853928000000001,
        0.007908931000000001,
        0.008074639,
        0.007860628,
        0.008074039,
        0.008301952000000001,
        0.008055238000000001,
        0.008415558,
        0.008273351,
        0.008224248,
        0.008196646,
        0.008291952,
        0.008413158,
        0.008053438000000001,
        0.007969534,
        0.008110442,
        0.007762623000000001,
        0.007791124000000001,
        0.007953033,
        0.007830026
      ],
      "exit_codes": [
        0,
        0,
        0,
        0,
        0,
        0,
        0,
        0,
        0,
        0,
        0,
        0,
        0,
        0,
        0,
        0,
        0,
        0,
        0,
        0,
        0,
        0,
        0,
        0,
        0,
        0,
        0,
        0,
        0,
        0,
        0,
        0,
        0,
        0,
        0,
        0,
        0,
        0,
        0,
        0,
        0,
        0,
        0,
        0,
        0,
        0,
        0,
        0,
        0,
        0,
        0,
        0,
        0,
        0,
        0,
        0,
        0,
        0,
        0,
        0,
        0,
        0,
        0,
        0,
        0,
        0,
        0,
        0,
        0,
        0,
        0,
        0,
        0,
        0,
        0,
        0,
        0,
        0,
        0,
        0,
        0,
        0,
        0,
        0,
        0,
        0,
        0,
        0,
        0,
        0,
        0,
        0,
        0,
        0,
        0,
        0,
        0,
        0,
        0,
        0
      ]
    }
  ]
}
