{
  "results": [
    {
      "command": "cpp-asio-httpclient",
      "mean": 0.27063399221999995,
      "stddev": 0.15992431100528298,
      "median": 0.2279557765,
      "user": 0.02279776,
      "system": 0.22070418,
      "min": 0.199979962,
      "max": 1.332554468,
      "times": [
        0.318611019,
        0.3120657,
        0.315485214,
        0.328666993,
        0.312420613,
        0.33591808700000003,
        0.321196505,
        0.322359516,
        0.31392605500000004,
        0.307250191,
        0.295409081,
        0.27194538500000004,
        0.24336216900000002,
        0.210275641,
        0.233498581,
        0.199979962,
        0.22686078,
        0.224852088,
        0.20305942300000002,
        0.20234392,
        0.206003023,
        0.20328621200000002,
        0.22302088,
        0.22159793500000002,
        0.20202535200000002,
        0.218048391,
        0.205133966,
        0.233112113,
        0.22683507600000002,
        0.200314297,
        0.203480023,
        0.236474393,
        0.227238654,
        0.204001813,
        0.20223168800000002,
        0.218960111,
        0.20443965900000002,
        0.203715473,
        0.20151829300000001,
        0.200063382,
        0.20241810400000002,
        0.207310758,
        0.23059611100000002,
        0.22923817700000002,
        0.21913416100000002,
        0.206623373,
        0.20104131500000003,
        0.203252293,
        0.20369833,
        0.234425186,
        0.200435929,
        0.241869399,
        0.20317938600000002,
        0.23571234700000002,
        0.22978782,
        0.22200728600000003,
        0.221669152,
        0.208280074,
        0.20167948400000002,
        0.229443464,
        0.221136621,
        0.20322377800000002,
        0.231430922,
        0.201456097,
        1.332554468,
        0.332513382,
        0.32877584600000004,
        0.313956479,
        0.328120847,
        0.313714402,
        0.31632924500000004,
        0.341260657,
        0.312217849,
        0.312681991,
        0.31903296600000003,
        0.313167802,
        0.312025991,
        0.323983962,
        0.33620185900000005,
        0.330990261,
        0.33287777500000004,
        0.270351598,
        0.244660797,
        0.24817312400000002,
        0.22213217200000002,
        0.218118739,
        0.23379161,
        0.225351406,
        0.20126271,
        0.20539126100000002,
        0.20560398500000002,
        0.203463269,
        0.20478738700000002,
        0.228672899,
        0.20630878700000002,
        0.20233303500000002,
        1.324401065,
        0.338094919,
        0.337517775,
        0.31253967800000004
      ],
      "exit_codes": [
        0,
        0,
        0,
        0,
        0,
        0,
        0,
        0,
        0,
        0,
        0,
        0,
        0,
        0,
        0,
        0,
        0,
        0,
        0,
        0,
        0,
        0,
        0,
        0,
        0,
        0,
        0,
        0,
        0,
        0,
        0,
        0,
        0,
        0,
        0,
        0,
        0,
        0,
        0,
        0,
        0,
        0,
        0,
        0,
        0,
        0,
        0,
        0,
        0,
        0,
        0,
        0,
        0,
        0,
        0,
        0,
        0,
        0,
        0,
        0,
        0,
        0,
        0,
        0,
        0,
        0,
        0,
        0,
        0,
        0,
        0,
        0,
        0,
        0,
        0,
        0,
        0,
        0,
        0,
        0,
        0,
        0,
        0,
        0,
        0,
        0,
        0,
        0,
        0,
        0,
        0,
        0,
        0,
        0,
        0,
        0,
        0,
        0,
        0,
        0
      ]
    }
  ]
}
