{
  "results": [
    {
      "command": "curl",
      "mean": 0.00634662827,
      "stddev": 0.00015388420942382967,
      "median": 0.0063199325,
      "user": 0.0033436700000000004,
      "system": 0.002731489999999999,
      "min": 0.0061369810000000006,
      "max": 0.006905390000000001,
      "times": [
        0.006460685000000001,
        0.006530386,
        0.00686679,
        0.006703888000000001,
        0.006687188,
        0.006389883000000001,
        0.0064732850000000005,
        0.006750988,
        0.006905390000000001,
        0.006457584000000001,
        0.006422084000000001,
        0.006448385,
        0.006376084000000001,
        0.006397384000000001,
        0.006521886,
        0.0063845840000000004,
        0.0063769840000000005,
        0.006481885000000001,
        0.0062709820000000005,
        0.0062898830000000005,
        0.006468585000000001,
        0.006190681,
        0.006304082000000001,
        0.006272682000000001,
        0.0066084870000000006,
        0.006427185,
        0.0062917830000000004,
        0.006411484,
        0.0062652820000000005,
        0.006270082000000001,
        0.006509486,
        0.006202581,
        0.0062371810000000005,
        0.0062744820000000005,
        0.006346084,
        0.006392384,
        0.0061968810000000004,
        0.006170781,
        0.006231581000000001,
        0.006446084,
        0.006217081,
        0.006295083000000001,
        0.006525086,
        0.006354084,
        0.006252182,
        0.006218882,
        0.006393284000000001,
        0.006169181,
        0.0062132820000000005,
        0.006443185000000001,
        0.006147781000000001,
        0.006260782,
        0.006153581,
        0.006297583000000001,
        0.006408784000000001,
        0.006145781,
        0.006169781,
        0.006213581,
        0.006544686,
        0.006229381,
        0.006216681000000001,
        0.006345084,
        0.006465185,
        0.006353584000000001,
        0.006278382000000001,
        0.006442884,
        0.006433384,
        0.006335783,
        0.006586986,
        0.006224482000000001,
        0.006232582,
        0.006257283000000001,
        0.0064410840000000006,
        0.0062538820000000005,
        0.006273582000000001,
        0.006394684,
        0.006260282000000001,
        0.006205282,
        0.0064470840000000005,
        0.006192181000000001,
        0.006203482000000001,
        0.0062468820000000005,
        0.006443085,
        0.006413284,
        0.006233482,
        0.006451585,
        0.0061369810000000006,
        0.006234782,
        0.006203981000000001,
        0.006360383000000001,
        0.006403684000000001,
        0.00615478,
        0.006172581000000001,
        0.006206781000000001,
        0.006425484,
        0.006169181,
        0.006347384,
        0.006285082,
        0.006394284,
        0.006168181
      ],
      "exit_codes": [
        0,
        0,
        0,
        0,
        0,
        0,
        0,
        0,
        0,
        0,
        0,
        0,
        0,
        0,
        0,
        0,
        0,
        0,
        0,
        0,
        0,
        0,
        0,
        0,
        0,
        0,
        0,
        0,
        0,
        0,
        0,
        0,
        0,
        0,
        0,
        0,
        0,
        0,
        0,
        0,
        0,
        0,
        0,
        0,
        0,
        0,
        0,
        0,
        0,
        0,
        0,
        0,
        0,
        0,
        0,
        0,
        0,
        0,
        0,
        0,
        0,
        0,
        0,
        0,
        0,
        0,
        0,
        0,
        0,
        0,
        0,
        0,
        0,
        0,
        0,
        0,
        0,
        0,
        0,
        0,
        0,
        0,
        0,
        0,
        0,
        0,
        0,
        0,
        0,
        0,
        0,
        0,
        0,
        0,
        0,
        0,
        0,
        0,
        0,
        0
      ]
    }
  ]
}
